time_s,fixed_mean_distance,moving_mean_distance,fixed_coverage_fraction,moving_coverage_fraction,fixed_effective_cost,moving_effective_cost,fixed_hotspot_tracking_error,moving_hotspot_tracking_error,fixed_cluster_capture_rate,moving_cluster_capture_rate,fixed_load_cv,moving_load_cv,fixed_handover_rate,moving_handover_rate
0.0,38.21392136153564,38.21392136153564,0.42333333333333334,0.42333333333333334,1699.9802307439022,1699.9802307439022,55.07592630410978,55.07592630410978,0.12811121278600954,0.12811121278600954,0.1632993161855452,0.1632993161855452,0.0,0.0
1.0,37.7456886619847,37.7456886619847,0.42333333333333334,0.42333333333333334,1668.740061014534,1668.740061014534,54.95908015724293,54.95908015724293,0.13453096587242927,0.13453096587242927,0.17838784213679537,0.17838784213679537,0.016666666666666666,0.016666666666666666
2.0,37.26125415222943,37.26125415222943,0.4533333333333333,0.4533333333333333,1635.9331926092673,1635.9331926092673,55.24077297897811,55.24077297897811,0.14746587047400053,0.14746587047400053,0.1702286044640494,0.1702286044640494,0.043333333333333335,0.043333333333333335
3.0,36.76800003101928,36.76800003101928,0.45,0.45,1602.5319713783294,1602.5319713783294,55.31303127718428,55.31303127718428,0.1535264765346066,0.1535264765346066,0.16970562748477142,0.16970562748477142,0.02,0.02
4.0,36.43182564453532,36.43182564453532,0.49666666666666665,0.49666666666666665,1581.3025325702101,1581.3025325702101,55.27846005650195,55.27846005650195,0.1535264765346066,0.1535264765346066,0.16918103387266026,0.16918103387266026,0.023333333333333334,0.023333333333333334
5.0,36.186755716507754,35.74978382095664,0.5066666666666667,0.49333333333333335,1570.4705228234404,1530.1865562463008,55.468401544951455,57.58845152013321,0.17008491809304818,0.17063486197632538,0.18618986725025255,0.1837873166945363,0.03333333333333333,0.05
6.0,35.99351212838936,35.43407701631689,0.5133333333333333,0.51,1562.2815240940056,1518.8516988052475,55.2377497599742,57.66850799148512,0.17387279688092697,0.17773020565703493,0.20439612955674522,0.2022100118413747,0.013333333333333334,0.02
7.0,35.97598382853189,35.25803208850402,0.5033333333333333,0.5033333333333333,1565.5577084783636,1516.7081146897353,55.11141291953643,57.97843673284763,0.1876780972715932,0.17773020565703493,0.22430138455014295,0.20132891827388666,0.02666666666666667,0.013333333333333334
8.0,36.06598466241428,35.221873248962766,0.5066666666666667,0.52,1577.7262446150762,1523.4704658330704,55.12261094558604,58.1230082011304,0.19455239581255843,0.18477143678363192,0.2526306042866189,0.21746008573733452,0.03,0.03333333333333333
9.0,36.246821551283304,35.31141757935932,0.5166666666666667,0.5166666666666667,1595.3639039975005,1536.1173134749556,54.92786637210852,58.048604358513295,0.20765623716843232,0.19820217271436782,0.2636495991104692,0.2250925735484551,0.02,0.023333333333333334
10.0,36.46453540013184,34.0598191731651,0.5,0.54,1617.526994863216,1412.8103414454656,55.070907676690496,55.5818628270286,0.2137168432290384,0.2208121869097479,0.2936362072739365,0.24184476196289406,0.02666666666666667,0.056666666666666664
11.0,36.720976445676946,34.00621299518449,0.49666666666666665,0.5366666666666666,1640.9432397525063,1416.2226820600024,54.7046205965531,55.33462808692141,0.22378837738593838,0.23439443799199897,0.28875210436943616,0.2825282680055612,0.02,0.02666666666666667
12.0,37.20957369199862,34.195940100205,0.47,0.54,1684.9335917876253,1436.2487664662317,54.716074227275875,55.32096643568923,0.23439443799199897,0.24418881028637127,0.3293090409394258,0.28,0.02,0.02666666666666667
13.0,37.6787306396672,34.32322532991322,0.4533333333333333,0.5333333333333333,1725.2201723321077,1443.5416899236466,54.921777603735656,55.371631554943015,0.25428621288377384,0.2505524466500076,0.33439829877291877,0.2936362072739365,0.03333333333333333,0.013333333333333334
14.0,38.33543763780976,34.79347191915355,0.45,0.5133333333333333,1773.0502280500136,1479.9919913078395,54.85289630800554,55.14517700394911,0.2696060782036392,0.2626756629398906,0.3714236873915765,0.3177700076750129,0.023333333333333334,0.02
15.0,38.89844591806583,33.964549959660104,0.43333333333333335,0.54,1813.8195955233202,1401.5521538917612,54.80029979523687,51.50629149790086,0.28248687025109787,0.28026625136381234,0.4210040907692518,0.3378362522485314,0.03333333333333333,0.04666666666666667
16.0,39.57804353019554,34.4386866714819,0.4,0.5166666666666667,1861.9128717560584,1441.0364907475318,54.62664941004135,51.394408168271816,0.2918808096450373,0.3001862703691972,0.417612260356422,0.3670906639449655,0.023333333333333334,0.03
17.0,40.29981064595293,34.81542223463161,0.38666666666666666,0.5133333333333333,1909.9216911965902,1466.7728971193878,54.46076157440447,51.18839288912119,0.29869899146321915,0.3181107239643825,0.44,0.36950417228136045,0.016666666666666666,0.02
18.0,41.08850612646185,35.39154157734449,0.3566666666666667,0.49666666666666665,1966.8619170887039,1509.7393210829694,54.48310484005674,51.475718574359064,0.3194565672207949,0.33104562856595376,0.48588979088769596,0.3857460304397182,0.03333333333333333,0.03666666666666667
19.0,41.78581530813685,35.85556543420768,0.3333333333333333,0.49333333333333335,2016.5767432023142,1539.521008993355,54.34243999836266,51.417684899970446,0.33280732215691566,0.3523034154944724,0.4785162251980363,0.4171863425909871,0.03,0.05
20.0,42.50844926360787,35.38502449273288,0.2966666666666667,0.4866666666666667,2070.707913608777,1497.2126299385075,54.4881139538688,51.48753703934259,0.3665867541070793,0.37208496110935135,0.5391351098441528,0.42812251621339525,0.05,0.07666666666666666
21.0,43.20385025917807,35.91364406047873,0.3,0.4866666666666667,2123.188124140541,1532.18459608616,54.42609911222832,51.5898793846108,0.3766582882639793,0.38432041084480106,0.5388052626980466,0.43163770816636393,0.013333333333333334,0.03333333333333333
22.0,43.891209090153744,36.37016974731409,0.2866666666666667,0.44666666666666666,2178.4469712341033,1559.4086851130157,54.55108311518723,51.69507780968843,0.3930128912039481,0.40227073288048903,0.576117272012488,0.42311017740326484,0.04666666666666667,0.023333333333333334
23.0,44.51110446252851,36.89710864008885,0.26666666666666666,0.45,2228.892723187749,1594.6144966985494,54.5550734105656,51.76626466887112,0.4020496877407447,0.4082772263869825,0.6067765468257469,0.42936645834945647,0.02,0.03333333333333333
24.0,45.15964059468571,37.551846832139674,0.26,0.42,2286.6701585628075,1639.2124627469411,54.74653643063678,51.96156789309395,0.41860812929918617,0.4029741960839522,0.6565905201197403,0.42978030563429864,0.02666666666666667,0.03333333333333333
25.0,45.63189652102666,36.08673143957014,0.25333333333333335,0.48333333333333334,2328.7902665370666,1515.7641745280378,54.66879597785867,48.23891180336992,0.4396428669192897,0.4195175917127137,0.7043988768998555,0.5235774377619162,0.04666666666666667,0.10666666666666667
26.0,45.99772071019084,36.448849779425096,0.22666666666666666,0.4866666666666667,2365.540724849635,1539.3623314294252,54.440588829169464,47.90452324767498,0.4517660832091727,0.44030541575257026,0.7537756813388037,0.571469839779649,0.05,0.03666666666666667
27.0,46.35897585064754,37.12480877568175,0.20666666666666667,0.4766666666666667,2397.639497004858,1586.8722994415311,54.499478155351774,47.84726259797267,0.47054313948622895,0.44636602181317625,0.791398200093424,0.5895384258515772,0.02666666666666667,0.01
28.0,46.532655511370905,37.55811991421483,0.20666666666666667,0.43333333333333335,2419.1134378290944,1617.9118207182607,54.71070496220924,47.92163668281074,0.49517495903674763,0.47229453849372555,0.84,0.6255308856394614,0.03333333333333333,0.03333333333333333
29.0,46.73830227321575,38.19154685317762,0.20333333333333334,0.42,2444.1557510088896,1668.6579989277313,54.458776944943686,47.773181195202405,0.5042658681276567,0.4926536855195392,0.8831257617752474,0.652788888794328,0.023333333333333334,0.04
30.0,46.89755096761564,36.065076123513066,0.21666666666666667,0.44666666666666666,2469.1163849847635,1497.2593601320896,54.340494001427835,43.225259336995826,0.5189369693841238,0.49963821333740027,0.8944271909999159,0.6211101172721128,0.023333333333333334,0.04
31.0,47.03707237925379,36.57450812861035,0.22,0.42333333333333334,2489.8027762814468,1536.6597731547088,54.389860881446054,43.347084578010026,0.5324520661512531,0.5165279293124821,0.8963134372404431,0.6516986351919966,0.02,0.023333333333333334
32.0,47.110779734344675,36.81397567138083,0.22333333333333333,0.41333333333333333,2502.7700987415224,1554.4447921735468,54.104744120937596,43.057407762751346,0.5555146216325079,0.5489303116335637,0.9274097739882241,0.7017438595701742,0.04666666666666667,0.056666666666666664
33.0,47.22194301216662,37.09049930430471,0.21333333333333335,0.4,2511.8568025892787,1565.5930075587328,54.3173070349393,42.88968345429303,0.5743045045890575,0.5552398354430875,0.9540556703999103,0.697041366539079,0.03333333333333333,0.016666666666666666
34.0,47.194998789414704,37.35262227985135,0.21,0.4,2512.8909555118203,1587.2833903267313,54.24854475340933,43.11843848514042,0.588122631659217,0.5720882655435501,0.9809745721022085,0.7188880302244571,0.02666666666666667,0.03666666666666667
35.0,47.1875187627919,34.461200893030245,0.22,0.4633333333333333,2514.304462885428,1369.2398702313017,54.15989485780782,37.60888543711605,0.6010575362607883,0.5946942714015885,1.0167486305758067,0.7382863039950468,0.02666666666666667,0.04666666666666667
36.0,47.294039720203,34.813785199570574,0.23,0.45666666666666667,2527.3780970376392,1390.7564717058851,54.192031672145696,37.8627678565366,0.5994882721915242,0.5977245744318914,1.0404272626613016,0.7522410961032816,0.023333333333333334,0.013333333333333334
37.0,47.47058105319478,35.03546702861029,0.22666666666666666,0.47333333333333333,2556.5973850773057,1406.1992208134354,54.67949075056635,38.0350951668132,0.6231679258711779,0.6139386998126836,1.0521512354325409,0.7771171797812162,0.03333333333333333,0.023333333333333334
38.0,47.37006470146357,35.20843262825356,0.23333333333333334,0.4533333333333333,2552.160991385351,1420.2537866451532,54.76261093351338,37.771960627301546,0.6536398929285109,0.6240902149641988,1.1260945292864577,0.8155161964465615,0.04666666666666667,0.02666666666666667
39.0,47.20671579315822,35.183123888752625,0.24,0.44,2541.138333531954,1414.2216358734258,54.84730618672467,37.69474775171527,0.6679125654532158,0.6436679219606048,1.1222200220000433,0.8262364471909156,0.03,0.03
40.0,47.316209198014484,34.32931660873719,0.24333333333333335,0.4766666666666667,2552.12947411861,1367.2869186699013,55.15717926800993,36.24736558171924,0.6814535306608477,0.6618776127515965,1.1476739761602837,0.8764575162423891,0.02666666666666667,0.043333333333333335
41.0,47.048085494254465,34.13597373790104,0.24666666666666667,0.48,2531.8141708650314,1354.6897372151504,55.206332625767494,36.353407816618926,0.6923800431727262,0.6727067226660722,1.1715137406127358,0.8979977728257459,0.04,0.023333333333333334
42.0,46.97917302717263,34.33421460509381,0.23666666666666666,0.5033333333333333,2524.0471289841716,1361.6146938259446,55.245202185925876,36.46032575932452,0.7156740948001111,0.6851329692589857,1.1969591100414045,0.9077444574328174,0.03666666666666667,0.016666666666666666
43.0,46.946092901000775,34.28660981624355,0.23333333333333334,0.5033333333333333,2520.396405907827,1357.4374741218282,55.396655401262315,36.716110712276254,0.7123407614667777,0.6986480660261148,1.1844923901073499,0.9331428377025435,0.023333333333333334,0.023333333333333334
44.0,46.78500752203956,34.35085653729264,0.22333333333333333,0.5066666666666667,2495.5944160068348,1357.5421427688038,55.20026074299981,36.69030675010307,0.7290074281334444,0.7053147326927816,1.1994072610159476,0.9533100230250388,0.016666666666666666,0.016666666666666666
45.0,46.826498305371985,33.34371561626374,0.24,0.49333333333333335,2511.7121107888347,1321.9183583130905,55.15120519709321,33.2173189074045,0.7190074281334443,0.7093495250609072,1.1803577612082043,0.9665517173034365,0.016666666666666666,0.03
46.0,46.778498959075236,33.319401140631335,0.23,0.49333333333333335,2499.6145287573963,1311.7585359603265,55.14429305778609,33.179742608801014,0.7397391354505176,0.7186352393466214,1.1823892947944195,0.9771614218973467,0.02,0.02
47.0,47.008499607481006,33.33052819005739,0.26,0.5066666666666667,2530.784756971056,1318.0902297505743,55.172192429935684,33.225624323309574,0.7367803665771145,0.738295518092266,1.1693112882756622,0.9771614218973467,0.016666666666666666,0.03
48.0,47.180455832800305,33.243518808072295,0.24666666666666667,0.51,2550.196804319221,1311.0656400157438,55.29398336896074,33.35775357523203,0.7493994141961622,0.7515334529968677,1.1805083650698964,0.9925052476771428,0.02666666666666667,0.023333333333333334
49.0,47.27152770825898,32.93615824186159,0.27,0.5166666666666667,2566.454242035383,1301.5960311520969,55.22029045280243,33.159238719747854,0.7493994141961622,0.7652259333560146,1.1805083650698964,1.0312452020090404,0.02666666666666667,0.02
50.0,47.72153121608251,30.2644341421805,0.24,0.55,2607.6355878501677,1153.9378506639905,55.49805476230919,27.529430003626175,0.7601311215132354,0.7363406519707333,1.1732575733117316,0.8623482153077401,0.02666666666666667,0.19333333333333333
51.0,47.66887176695885,29.698089183869207,0.26666666666666666,0.53,2616.0226204428354,1140.96320828004,55.39554798424515,27.344619684390086,0.7372523336344474,0.6970589460223606,1.1471316886526635,0.8821186617078983,0.04666666666666667,0.1
52.0,48.12880587895807,29.46418852119149,0.25333333333333335,0.5366666666666666,2658.3156725002427,1129.4553129522844,55.353078446320644,27.29337110340664,0.7533149438637242,0.7469635475936288,1.1536223144705744,0.8875434261676063,0.07,0.11666666666666667
53.0,48.33027721502642,28.895181259551336,0.23666666666666666,0.5366666666666666,2684.1280958423,1106.0523139951242,55.3321782375098,27.115260096654378,0.7466482771970577,0.7532730714031527,1.1487577831921072,0.9007651068829086,0.06333333333333334,0.06333333333333334
54.0,48.73058213138933,28.60478873052598,0.21666666666666667,0.54,2724.642777400106,1098.163137984138,55.44594979593049,26.917014609958002,0.7534425947434077,0.7644613283434422,1.1375607431888832,0.9218339209303256,0.07,0.09
55.0,49.03634519401391,25.828463427177862,0.22666666666666666,0.6733333333333333,2752.689094475352,878.3887620921039,55.3395594474882,23.360490141762437,0.7797521185529316,0.8010698741186545,1.1498405686586872,0.9234717104492156,0.06,0.07
56.0,49.287457676820004,25.81700477157852,0.22,0.6533333333333333,2775.6770444908125,876.3233453710199,55.18364674504027,23.581549245493346,0.7869035789564244,0.8112516375524504,1.1293262494858507,0.9293247249720866,0.05333333333333334,0.013333333333333334
57.0,49.48677495610174,25.601093180168636,0.20666666666666667,0.6666666666666666,2784.763915533111,868.0831808861287,55.002224468127,23.839942294257725,0.7843019529401642,0.8252212797741253,1.1100350344821455,0.93571125650788,0.06333333333333334,0.02
58.0,49.92740024877541,25.235552979048624,0.20666666666666667,0.6766666666666666,2820.6885675972767,839.3878707371276,54.904153585536996,23.867554089330763,0.8278731664300771,0.8400180277416051,1.1316065276116667,0.9571253255916327,0.056666666666666664,0.013333333333333334
59.0,49.894266870859724,25.097569350729646,0.19666666666666666,0.7133333333333334,2806.017674941279,827.8658804903195,54.54996628859997,23.646352467107818,0.8295834946444702,0.8501456786212884,1.1291688191861402,0.9670114327716663,0.03,0.013333333333333334
60.0,50.50975265387984,24.52933870911594,0.17,0.7533333333333333,2858.74065651237,761.1355598287583,54.55493904837662,21.658967641298243,0.833154708134383,0.8501997911754008,1.1299557513460428,0.7332121111929344,0.043333333333333335,0.18666666666666668
61.0,50.56971167837138,24.293564132368765,0.16333333333333333,0.7633333333333333,2850.9141107124847,738.4412302073247,54.39478993812588,21.788592177199135,0.8403061685378758,0.8563165139587904,1.1295623537950932,0.7404503134354571,0.05,0.006666666666666667
62.0,50.995161123465074,23.935261587754987,0.15666666666666668,0.7666666666666667,2883.669594568459,722.4249812461834,54.079365235304884,21.529018583879182,0.8669728352045425,0.8596498472921237,1.1414610520439727,0.7390083445627209,0.02666666666666667,0.0033333333333333335
63.0,50.69363673908414,23.848793612210457,0.14,0.77,2842.3876905727047,709.0130226014362,53.7744194547335,21.51211829800623,0.8666156923473997,0.8637148879425302,1.1437948534010225,0.7422488351848949,0.013333333333333334,0.0033333333333333335
64.0,51.269581719116246,23.525324521960854,0.1,0.77,2896.450899776017,695.5006084850476,53.68014912317736,21.49464443130211,0.87601163591001,0.8737323095453177,1.1482934197224062,0.7543650751901673,0.01,0.01
65.0,51.4034177324489,20.800791555742972,0.12333333333333334,0.8666666666666667,2916.5060756196476,534.997139747456,53.633264628145916,18.82717661650238,0.8700766765604163,0.8688687787671526,1.129719729254414,0.7276140613142535,0.013333333333333334,0.016666666666666666
66.0,51.525443107101566,20.12652475830783,0.13333333333333333,0.9466666666666667,2920.4861254431426,499.9364267280496,53.44320516683425,18.59358267592768,0.8965138512496237,0.8718449692433432,1.1480611675535606,0.7352701695446526,0.03333333333333333,0.0033333333333333335
67.0,52.19229842406567,20.425592771051125,0.12333333333333334,0.8466666666666667,2994.7825583176723,520.473463026739,53.65169704786223,18.440323187841404,0.8861567083924807,0.8748211597195338,1.12838133822057,0.7382863039950468,0.023333333333333334,0.006666666666666667
68.0,52.25991554956324,20.19720582278377,0.13333333333333333,0.9,2986.4838749168835,502.66872802112516,53.47806795727799,18.310735507286783,0.923682733255904,0.885195724179464,1.1399805066559496,0.7555424835470501,0.03666666666666667,0.013333333333333334
69.0,52.20403184313312,20.266095841582068,0.09666666666666666,0.9133333333333333,2986.611187902735,503.6755267240579,53.28483990145793,18.376737334157898,0.9101024863423236,0.8881719146556545,1.1290113669342159,0.7567180599286779,0.023333333333333334,0.006666666666666667
70.0,52.65120450770728,16.72494667505265,0.09333333333333334,0.9666666666666667,3022.0949353356214,370.03609438717285,53.50632204735007,15.360514364582656,0.9301024863423236,0.9031630963135028,1.1514628377271525,0.7891486270377435,0.02,0.023333333333333334
71.0,52.51369991737161,16.827347466982715,0.07666666666666666,0.97,3012.1077081538565,370.2061011004482,53.50767116287626,15.250530266518338,0.9422277068008774,0.9064964296468362,1.1523116862299985,0.7882470002057308,0.013333333333333334,0.0033333333333333335
72.0,52.53187475430609,16.95747697575413,0.09333333333333334,0.9666666666666667,3010.772661734681,376.186789451163,53.32190981653819,15.504130095695501,0.945314126553964,0.9155352303523036,1.1517715822930248,0.8009993757800314,0.0033333333333333335,0.02
73.0,52.71768500999186,17.072443490821414,0.08666666666666667,0.9733333333333334,3035.0991693605165,376.40593408261446,53.433794855328955,15.749614035519032,0.9564203983309675,0.9256628812319869,1.140682057172618,0.8126773310757748,0.01,0.013333333333333334
74.0,52.69025057981733,16.871406384264684,0.08333333333333333,0.9733333333333334,3027.0793470159947,369.22928944488274,53.46419974315638,15.776252606469887,0.9706130898610574,0.9320826343184067,1.1267258367105597,0.8211644848086838,0.016666666666666666,0.006666666666666667
75.0,52.90739198596428,14.848768390433595,0.08666666666666667,0.99,3053.8207999300093,305.84509243716985,53.60704409701472,14.686795050876242,0.9735892803372478,0.941121435023874,1.1231701167281434,0.8449589076135925,0.006666666666666667,0.013333333333333334
76.0,52.572426359217665,14.973693024774178,0.07,0.9933333333333333,3007.763743876595,304.17992319984495,53.41471288852827,14.800934350535778,0.9735892803372478,0.941121435023874,1.123328387724029,0.8449589076135925,0.0033333333333333335,0.0
77.0,52.44324012425165,14.719971407051647,0.10333333333333333,0.99,3004.8602249304554,296.57803375245226,53.22403255572713,14.755615240959772,0.9769226136705811,0.949251516324687,1.1271990852452718,0.8420081815385037,0.0033333333333333335,0.006666666666666667
78.0,51.94234702967381,14.479718304534945,0.11666666666666667,0.9866666666666667,2938.182634614668,285.81685042537504,52.793939313053215,14.455882212181393,0.984320987654321,0.949251516324687,1.1265680430207292,0.8420081815385037,0.006666666666666667,0.0
79.0,52.08787804613408,14.1149455856291,0.09666666666666666,0.98,2965.7820951165304,282.57512576870795,52.8569959409841,14.200188979868495,0.9904938271604937,0.949251516324687,1.1352141256657755,0.8420081815385037,0.006666666666666667,0.0
80.0,52.1548406437387,12.89527827115688,0.10666666666666667,0.9866666666666667,2970.1111906024266,236.0788571099884,52.99970913975388,13.302338063547305,0.9904938271604937,0.9614466382759065,1.1352141256657755,0.8345857255748707,0.0,0.013333333333333334
81.0,51.68329085089091,12.826898112688687,0.12,0.99,2922.5102809694295,233.29329795777915,52.69801816928385,13.323555676373482,0.9904938271604937,0.9655116789263131,1.1352141256657755,0.838623210320874,0.0,0.0033333333333333335
82.0,51.786183040419566,12.911445292999387,0.15,0.9933333333333333,2934.5499186665184,232.30455455822758,52.690034306230395,13.299305989948776,0.9938271604938271,0.97157428915559,1.1392004993756708,0.8579044235810886,0.0033333333333333335,0.006666666666666667
83.0,51.52435035385172,12.984629598939764,0.12666666666666668,1.0,2906.1615214391386,232.94833457575268,52.51207668593562,13.425981379119671,0.9938271604938271,0.9745504796317804,1.1392004993756708,0.8676917015212771,0.0,0.0033333333333333335
84.0,51.602190813004725,13.012207303408989,0.13,0.9966666666666667,2920.6004582727965,233.69282052332952,52.52317543865552,13.537983499026232,0.9938271604938271,0.9745504796317804,1.1392004993756708,0.8676917015212771,0.0,0.0
85.0,51.90981805652855,13.024059247427834,0.11,0.9966666666666667,2944.975474320613,204.83468205270435,52.809760279162816,13.179011377732529,0.9969135802469135,0.9745504796317804,1.1436394148118152,0.8676917015212771,0.0033333333333333335,0.0
86.0,51.692531458054525,13.386223435927805,0.12666666666666668,0.9966666666666667,2932.094050428061,210.3864608702853,52.767337454217675,13.339685347499069,0.9969135802469135,0.978615520282187,1.1436394148118152,0.8717797887081347,0.0,0.0033333333333333335
87.0,51.58054855323997,13.111189940039145,0.11,0.9966666666666667,2918.830234833868,202.379154623448,52.52720692292089,13.262635340283603,0.9969135802469135,0.978615520282187,1.1436394148118152,0.8717797887081347,0.0,0.0
88.0,52.151486026003425,13.782218376580179,0.10666666666666667,0.9966666666666667,2993.9348782948914,214.8335951391381,52.85707030238067,13.669792790032632,0.9969135802469135,0.978615520282187,1.1436394148118152,0.8717797887081347,0.0,0.0
89.0,51.85209460250137,13.565026412817721,0.1,1.0,2948.981716035167,210.0556535249042,52.880234495556316,13.763280627969658,1.0,0.978615520282187,1.1482160075525858,0.8717797887081347,0.0033333333333333335,0.0
90.0,52.405494301029805,13.733415431318218,0.08,0.9966666666666667,3009.622656122624,227.8709228389999,53.10445240735584,13.26258229417561,1.0,0.9726631393298061,1.1482160075525858,0.8523953177826459,0.0,0.006666666666666667
91.0,52.16178288415902,13.435609663794507,0.09666666666666666,0.9966666666666667,2967.9534248335844,214.9796119407938,53.13149362476355,13.087691550666234,1.0,0.9817019400352734,1.1482160075525858,0.8816146802568822,0.0,0.01
92.0,52.370656923756165,13.330533020860079,0.07666666666666666,1.0,2978.477319477238,210.4462835973693,53.09812276901312,12.947028778625016,1.0,0.9817019400352734,1.1482160075525858,0.8816146802568822,0.0,0.0
93.0,52.527524149605725,13.333208935265349,0.07666666666666666,1.0,2990.9360184110787,212.70319888620833,53.250627432695346,13.011181569220339,1.0,0.9846781305114639,1.1482160075525858,0.8915404895148872,0.0,0.0033333333333333335
94.0,52.924052325387194,13.74512097574659,0.05,1.0,3028.2782844545563,222.3131647134462,53.42472384270426,13.288283598576774,1.0,0.9846781305114639,1.1482160075525858,0.8915404895148872,0.0,0.0
95.0,52.48028494900999,12.0628108478662,0.06333333333333334,1.0,2976.8360527074788,166.49024971587974,53.005431726050126,11.796182438819736,1.0,0.9728835978835978,1.1482160075525858,0.8523953177826459,0.0,0.02
96.0,52.876260118336184,12.279226669950324,0.056666666666666664,1.0,3015.965741522375,169.62825188080703,53.00773952801577,11.728448773041812,1.0,0.9760802469135802,1.1482160075525858,0.8620389266797127,0.0,0.043333333333333335
97.0,52.798714278069085,12.102578839393159,0.09333333333333334,1.0,3007.109402756795,163.31236135419556,53.010072141781286,11.83738792965219,1.0,0.9969135802469135,1.1482160075525858,0.9320944158184835,0.0,0.023333333333333334
98.0,52.57111754773405,12.260858562401024,0.07,1.0,2977.473195029044,170.22739793591182,52.790106280326796,11.939909740757065,1.0,0.9850088183421516,1.1482160075525858,0.8915404895148872,0.0,0.013333333333333334
99.0,53.07523505277424,12.066073970558831,0.11,1.0,3028.6066332084442,163.6008407334671,52.81611711043215,11.795831124712178,1.0,0.9821428571428571,1.1482160075525858,0.8816146802568822,0.0,0.03666666666666667
100.0,53.31046721320245,10.717215604985176,0.11666666666666667,1.0,3058.918557837794,143.93404672388726,53.052834755716525,10.438829915404677,1.0,0.9613095238095237,1.1482160075525858,0.6131883886702356,0.0,0.12333333333333334
101.0,53.380440206326945,10.763281307678657,0.1,1.0,3049.866978806093,143.00073144004537,53.123491454348574,10.336584477882035,1.0,0.9464285714285715,1.1482160075525858,0.6338594306135847,0.0,0.10333333333333333
102.0,53.55177330085684,10.529261085189793,0.13,1.0,3095.798954237134,143.33012929831736,53.13861242588383,10.168220429140408,1.0,0.9821428571428571,1.1482160075525858,0.5956882107650313,0.0,0.08
103.0,53.58500752301596,10.996139020460765,0.13333333333333333,1.0,3099.5767121382496,150.12416167396884,53.18164530890365,10.370307636041149,1.0,0.9583333333333334,1.1482160075525858,0.6168017869984201,0.0,0.06666666666666667
104.0,53.475039919816936,10.559999686091528,0.13666666666666666,1.0,3084.272232845943,143.889205935629,52.92401038567706,10.213746871584696,1.0,0.9672619047619048,1.1482160075525858,0.6067765468257469,0.0,0.08333333333333333
105.0,53.828527460410335,8.692909975742122,0.13666666666666666,1.0,3129.2226112581125,88.93338783399993,53.043247209191684,8.337640721133711,1.0,1.0,1.1482160075525858,0.5920960882979872,0.0,0.03666666666666667
106.0,53.88222413012805,8.732127730170632,0.13666666666666666,1.0,3124.95565542668,88.6342080352375,53.2906910947086,8.504705221541062,1.0,1.0,1.1482160075525858,0.5920960882979872,0.0,0.0
107.0,53.95423321407918,8.995338138556251,0.13666666666666666,1.0,3144.33013264223,94.78101244432128,53.28485721688397,8.56317114107706,1.0,1.0,1.1482160075525858,0.5920960882979872,0.0,0.0
108.0,53.91265797892917,9.220010430336963,0.13666666666666666,1.0,3127.3425303370623,96.18900468456314,53.23451231667735,8.90526214889904,1.0,1.0,1.1482160075525858,0.5920960882979872,0.0,0.0
109.0,53.734153169513256,9.244842857298137,0.13666666666666666,1.0,3127.770657706461,98.54295186018354,53.136334153553854,8.978978479910293,1.0,1.0,1.1482160075525858,0.5920960882979872,0.0,0.0
110.0,53.84539301017188,11.43814759723324,0.13666666666666666,1.0,3118.1101563612715,164.32514281887669,53.200057736582465,11.014225726854526,1.0,1.0,1.1482160075525858,0.5920960882979872,0.0,0.0
111.0,54.29744100738399,11.886045193662248,0.13333333333333333,1.0,3170.216750504699,175.08926791287436,53.5531703622894,11.087365146523297,1.0,1.0,1.1482160075525858,0.5920960882979872,0.0,0.0
112.0,54.37859344231491,11.50865251202879,0.13333333333333333,1.0,3184.7729658133744,163.5922598485141,53.807455992663535,11.035192618229523,0.9966666666666667,1.0,1.1444163966358087,0.5920960882979872,0.0033333333333333335,0.0
113.0,54.395896436640896,12.057120289226583,0.13666666666666666,1.0,3186.6063556405243,179.671079526545,53.895314174260186,11.265696696990354,1.0,1.0,1.1482160075525858,0.5920960882979872,0.0033333333333333335,0.0
114.0,54.39519372419954,11.784057567514553,0.09,1.0,3185.438410613842,177.04386872268452,53.7221815401224,11.243120648138264,1.0,1.0,1.1482160075525858,0.5920960882979872,0.0,0.0
115.0,53.7461539541961,12.254648861532884,0.13,1.0,3106.9138689906754,185.52510806557345,53.38110243608091,11.564861236779237,1.0,1.0,1.1482160075525858,0.5920960882979872,0.0,0.0
116.0,53.52087713558233,12.400574897107441,0.13666666666666666,1.0,3093.0093772071377,189.38094659010915,53.000863805734525,11.73035513481588,1.0,1.0,1.1482160075525858,0.5920960882979872,0.0,0.0
117.0,53.889347938557414,12.103002589339367,0.13666666666666666,1.0,3127.4347538251313,177.78449836615363,53.26452383687479,11.649590873804115,1.0,1.0,1.1482160075525858,0.5920960882979872,0.0,0.0
118.0,53.85215932751874,12.272941216381257,0.13333333333333333,1.0,3135.5788490846526,185.48138921048277,53.32796214093661,11.623393795809738,1.0,1.0,1.1482160075525858,0.5920960882979872,0.0,0.0
119.0,53.54524192406225,12.286560105404078,0.13666666666666666,1.0,3107.112921892597,183.78397845397097,53.07300524184282,11.76571374604468,1.0,1.0,1.1482160075525858,0.5920960882979872,0.0,0.0
120.0,53.29309641326626,10.164147974230461,0.13666666666666666,1.0,3090.5120408879084,115.85729610104356,52.821180586170414,9.789298849153129,1.0,0.9318181818181818,1.1482160075525858,0.5170858514577418,0.0,0.08666666666666667
121.0,53.181685359397974,10.060538511935329,0.13666666666666666,1.0,3088.8342876889587,115.72425692482027,52.68102226695965,9.769059806360968,1.0,0.9962121212121212,1.1482160075525858,0.5856051001599399,0.0,0.06333333333333334
122.0,53.11458552969764,9.716722465106223,0.13666666666666666,1.0,3071.863660102677,107.37853415370361,52.464062436110275,9.371262111222924,1.0,0.9962121212121212,1.1482160075525858,0.5856051001599399,0.0,0.006666666666666667
123.0,52.63438383298974,9.46450723950254,0.13666666666666666,1.0,3015.3291291017795,99.55747616313788,52.24355970224537,9.129105949658333,1.0,0.9924242424242425,1.1482160075525858,0.5793482928640115,0.0,0.01
124.0,52.56949334800801,9.528538140022034,0.14,1.0,3006.083410960065,101.83426024627381,52.00736593243695,8.971565073283687,1.0,0.9886363636363636,1.1482160075525858,0.5733333333333334,0.0,0.016666666666666666
125.0,52.6049991768073,12.776561357802828,0.14333333333333334,1.0,3021.908620020145,203.95868786026952,52.0283746071002,11.988592206698627,1.0,1.0,1.1482160075525858,0.5920960882979872,0.0,0.01
126.0,52.49566916198395,12.878915998792902,0.14333333333333334,1.0,3006.2568057396657,204.9482773845162,51.975427362565426,12.042017782646994,1.0,1.0,1.1482160075525858,0.5920960882979872,0.0,0.0
127.0,52.81131762918893,13.386058381249246,0.14,1.0,3060.1925096653185,222.8336012549287,52.12487263171905,12.376297450581566,1.0,0.9966666666666667,1.1482160075525858,0.5929961588783224,0.0,0.0033333333333333335
128.0,53.345052505600364,12.965252223521096,0.14666666666666667,1.0,3103.5161607573204,210.30120111106962,52.66583582785807,12.326943408200634,1.0,1.0,1.1482160075525858,0.5920960882979872,0.0,0.0033333333333333335
129.0,53.182289025797616,12.84250751034629,0.14333333333333334,1.0,3093.9803085085364,208.44864723728153,52.71722273269319,12.059332185016165,1.0,0.9970238095238096,1.1482160075525858,0.5919459434779497,0.0,0.0033333333333333335
130.0,53.600208699793114,11.754230342795609,0.14666666666666667,1.0,3140.1473470276064,158.4115503682859,52.847824970283284,11.543743693076918,1.0,0.9761904761904763,1.1482160075525858,0.5992588014465128,0.0,0.17
131.0,53.291912244513306,11.889110877458656,0.15666666666666668,1.0,3112.5128712075216,158.87759226743265,52.76756378188395,11.377755469050015,1.0,0.9910714285714285,1.1482160075525858,0.5925462944877059,0.0,0.03666666666666667
132.0,53.59753690384354,11.526145201604779,0.17333333333333334,1.0,3153.896244886343,155.59640575067723,52.86479410524245,11.275951727098317,1.0,0.9970238095238096,1.1482160075525858,0.5919459434779497,0.0,0.013333333333333334
133.0,54.40930872424612,12.121725159602962,0.14666666666666667,1.0,3234.506543232806,168.85490549431188,53.59127196563537,11.57843958249943,1.0,1.0,1.1482160075525858,0.5920960882979872,0.0,0.0033333333333333335
134.0,53.96476286069551,11.856578470909366,0.17,1.0,3183.3870996369424,162.94825595325509,53.551333163377414,11.630498585317829,1.0,0.9970238095238096,1.1482160075525858,0.5919459434779497,0.0,0.0033333333333333335
135.0,54.906248580009986,11.384416412403155,0.14,1.0,3290.9326528462293,163.53007489425838,54.01457575174087,10.754112655037531,1.0,0.9970238095238096,1.1482160075525858,0.9320944158184835,0.0,0.32666666666666666
136.0,54.47541989027492,11.730279090972882,0.14333333333333334,1.0,3239.3950730349775,175.54420441526182,54.01269424464465,10.856297088468116,1.0,0.9345238095238096,1.1482160075525858,0.737563556583431,0.0,0.07666666666666666
137.0,55.51328887696463,11.428937823775252,0.13333333333333333,1.0,3355.9071228626967,164.39192715388577,54.60090434386523,10.786525333941775,1.0,0.9962121212121212,1.1482160075525858,0.9383673765286884,0.0,0.07666666666666666
138.0,54.852162238314655,11.662623061904084,0.13666666666666666,1.0,3292.5316461292186,172.89609077902293,54.424219603612876,10.625562124110955,0.9966666666666667,0.9851190476190476,1.1444163966358087,0.8915404895148872,0.0033333333333333335,0.02
139.0,55.66276391963495,11.579535007183011,0.13666666666666666,1.0,3387.324389531826,173.98331358822566,54.7944827422667,10.6525971735603,0.9966666666666667,0.9902597402597403,1.1444163966358087,0.9176782297370542,0.006666666666666667,0.02666666666666667
140.0,55.45832682432567,10.58848063097592,0.13666666666666666,1.0,3356.5968758720414,132.83803541520882,54.94679980683846,10.466285001654953,1.0,0.9242424242424242,1.1482160075525858,0.5150188777554124,0.0033333333333333335,0.25
141.0,55.382833116438825,11.241060616342116,0.13666666666666666,1.0,3364.4664306902996,144.11728661547062,54.69029923400695,10.603983280724675,0.9933333333333333,0.959090909090909,1.14075998059773,0.5296539750944321,0.006666666666666667,0.09666666666666666
142.0,55.07856987065359,10.838668216443894,0.13666666666666666,1.0,3314.7217439141905,140.1028341303027,54.580078535295854,10.640805140881639,0.9966666666666667,0.8757575757575756,1.1444163966358087,0.46761807778000486,0.01,0.13666666666666666
143.0,54.788115896062436,10.832109290110425,0.13666666666666666,1.0,3292.706041184212,136.67411777805407,54.14251260967861,10.35904763096211,0.9966666666666667,0.9909090909090909,1.1444163966358087,0.5681940200710004,0.006666666666666667,0.12333333333333334
144.0,54.79566348742667,10.73023910265368,0.13666666666666666,1.0,3290.0479210345047,139.57829117496286,54.10430723120842,10.238238439163387,1.0,0.9553030303030302,1.1482160075525858,0.5257798440834761,0.0033333333333333335,0.05
145.0,54.7896926690916,9.942115055460855,0.13666666666666666,1.0,3294.4320030930994,117.49083017061552,54.0707461476913,9.881935873115255,0.9866666666666667,0.9280303030303031,1.1338822200250294,0.5158811232574161,0.013333333333333334,0.24666666666666667
146.0,54.840764277402364,10.42362584937319,0.13666666666666666,1.0,3302.7663332203347,127.46362458246465,54.14440172767735,10.072155322445033,1.0,0.9848484848484849,1.1482160075525858,0.567567910767807,0.013333333333333334,0.09
147.0,54.89855128673594,10.238878391625914,0.13666666666666666,1.0,3316.9315603274626,123.55005667595222,54.23778154353781,9.983111197800737,0.9966666666666667,0.9659090909090908,1.1444163966358087,0.5427501983212699,0.0033333333333333335,0.03666666666666667
148.0,55.21084710818183,10.581804259159435,0.13666666666666666,1.0,3356.6527438143003,134.50346198478437,54.49598998315395,9.972366310567832,0.9666666666666667,0.9848484848484849,1.1168208848731693,0.567567910767807,0.03666666666666667,0.043333333333333335
149.0,54.914063332637184,10.45509462981377,0.13666666666666666,1.0,3311.5882373194727,130.08898505130387,54.38575137228239,10.096097474733224,0.9700000000000001,0.9166666666666666,1.1192854863706578,0.5143280405862909,0.06333333333333334,0.08666666666666667
150.0,55.12606074831286,8.640450440462834,0.13666666666666666,1.0,3336.1000735082253,92.48744509873107,54.51763251339562,8.143863231565732,0.9266666666666667,0.915151515151515,1.0994948334980428,0.48735111686658844,0.11666666666666667,0.12333333333333334
151.0,55.1338898530297,8.736403872510628,0.13666666666666666,1.0,3332.905333268831,91.85818138582302,54.504037832516595,8.383211578553043,0.9400000000000001,0.8969696969696969,1.1027239001672178,0.43777213758352007,0.14,0.15333333333333332
152.0,54.65343844063025,8.643044075199127,0.13666666666666666,1.0,3287.873825181981,88.46137389649157,54.125006768127434,8.355130531812797,0.8933333333333332,0.9265151515151514,1.1027239001672178,0.491166412170503,0.14666666666666667,0.15
153.0,54.40532279012223,9.110789185975552,0.13666666666666666,1.0,3250.999704979951,97.85605309456939,53.87355296412593,8.602869118130554,0.98,0.9053030303030303,1.1275933072995186,0.46932575751461447,0.12666666666666668,0.14666666666666667
154.0,54.529780407217665,8.65398622728456,0.13666666666666666,1.0,3272.9011075955227,87.45034794753704,53.97022119610944,8.46854409867128,0.91,0.9280303030303031,1.0990905331227268,0.4783304297240559,0.11,0.14666666666666667
155.0,54.33500886163812,9.21185209631454,0.13666666666666666,1.0,3228.834493674716,103.67329795313327,53.72918756223849,8.92747492883412,0.9833333333333334,0.9970238095238096,1.1306635220082055,0.5919459434779497,0.1,0.11666666666666667
156.0,53.969760697118794,9.671439728887474,0.13666666666666666,1.0,3206.5284292414676,110.1324345908884,53.49675179307997,9.04502095345982,0.9366666666666666,0.9970238095238096,1.1016754916439273,0.5919459434779497,0.07333333333333333,0.006666666666666667
157.0,54.121958163384406,9.016536402506297,0.13666666666666666,1.0,3198.7385785148995,95.77980632706694,53.45120890322354,8.651006464876035,0.9866666666666667,1.0,1.1338822200250294,0.5920960882979872,0.07666666666666666,0.0033333333333333335
158.0,54.34650872648346,9.465527481466673,0.13666666666666666,1.0,3229.8044046916875,107.33901243541288,53.69014498000171,8.875979598258139,0.9666666666666667,0.9970238095238096,1.1168208848731693,0.5919459434779497,0.04666666666666667,0.0033333333333333335
159.0,53.772797079628845,9.061256568144504,0.13666666666666666,1.0,3157.684817737278,99.32360309295461,53.44698465142236,8.674352849831001,0.9633333333333334,0.9970238095238096,1.1145103558663478,0.5919459434779497,0.07,0.006666666666666667
160.0,54.20272623897273,8.691832196333708,0.13666666666666666,1.0,3219.0311893725534,88.73336406253388,53.50207586294891,8.283945363335706,0.9866666666666667,1.0,1.1338822200250294,0.5920960882979872,0.05,0.0033333333333333335
161.0,53.803585213287555,9.08083506486163,0.13666666666666666,1.0,3156.8194565969634,93.55698275911153,53.425834176498334,8.42618362838806,0.98,1.0,1.1275933072995186,0.5920960882979872,0.03333333333333333,0.0
162.0,53.88664487280224,9.018311381391108,0.13666666666666666,1.0,3174.0263956870235,96.15705642645085,53.253229005960975,8.61008843321657,0.9966666666666667,1.0,1.1444163966358087,0.5920960882979872,0.023333333333333334,0.0
163.0,53.57553579208328,8.910639062637095,0.14,1.0,3140.131624393902,91.09529559194304,53.1043810944063,8.479395730767168,0.9833333333333334,1.0,1.1306635220082055,0.5920960882979872,0.02,0.0
164.0,53.774780486564836,8.554049236799656,0.13666666666666666,1.0,3170.1569659615616,86.2313690661151,53.183397247678755,8.211756100926388,0.9199999999999999,1.0,1.098847881495281,0.5920960882979872,0.09666666666666666,0.0
165.0,53.422593919151886,7.8979951302833085,0.13666666666666666,1.0,3123.9648456893306,89.57943286219547,53.007283873829714,7.410761217472387,0.98,1.0,1.1275933072995186,0.5920960882979872,0.1,0.0
166.0,53.571968311542975,8.131160931583144,0.13666666666666666,1.0,3144.969756735731,95.02363624631519,52.916281117616194,7.344472842783219,0.9166666666666666,1.0,1.0987669857112057,0.5920960882979872,0.10333333333333333,0.0
167.0,53.49652160763187,8.32793708150927,0.14,1.0,3130.386340091694,99.73228590687656,53.04577819197647,7.696001192573586,0.9633333333333334,1.0,1.1145103558663478,0.5920960882979872,0.10666666666666667,0.0
168.0,53.874732308207896,8.36418613643168,0.13666666666666666,1.0,3175.7384431906385,99.06719072103529,53.22161555723091,7.752966615472107,0.9,1.0,1.100787596829349,0.5920960882979872,0.13,0.0
169.0,53.444971898567104,8.309977576572665,0.13666666666666666,1.0,3125.2193082103718,101.25411884072142,53.08000162416395,7.63605566448813,0.9933333333333333,1.0,1.14075998059773,0.5920960882979872,0.10666666666666667,0.0
170.0,53.40573103219672,7.7950562342214695,0.13666666666666666,1.0,3122.5149180162985,79.31905428428527,52.93823408543076,7.588248896879001,0.9500000000000001,1.0,1.1068272975792866,0.5920960882979872,0.056666666666666664,0.0
171.0,53.45586590580399,8.786670795720656,0.14666666666666667,1.0,3130.4649347800073,96.4873998603457,52.99477944439122,8.043035549710071,0.9766666666666666,1.0,1.1246727919216721,0.5920960882979872,0.06666666666666667,0.0
172.0,53.60025423512343,8.342607486680492,0.14666666666666667,1.0,3145.7052378765866,90.44247544096386,53.24255059392675,8.032683457180498,0.93,0.9970238095238096,1.1000606043911096,0.5919459434779497,0.09333333333333334,0.0033333333333333335
173.0,53.781094473123524,8.649425428267659,0.15,1.0,3156.175257120812,93.61407292972227,53.35047091812066,8.084783012608648,0.9866666666666667,1.0,1.1338822200250294,0.5920960882979872,0.08333333333333333,0.0033333333333333335
174.0,54.05682754834072,8.504117359422954,0.16,1.0,3202.1435114290575,90.67337712001611,53.64289411665494,8.172991446819573,0.9324242424242425,1.0,1.1048177325795518,0.5920960882979872,0.08,0.0
175.0,53.997359036765594,8.212383406454958,0.14666666666666667,1.0,3177.168066815563,92.25187125275855,53.624807228410305,7.804289633542376,0.9766666666666666,0.9464285714285715,1.1246727919216721,0.6338594306135847,0.08333333333333333,0.22666666666666666
176.0,54.33084558112926,8.590097842688792,0.14333333333333334,1.0,3223.0995817439134,96.56314811257684,53.89380891798226,7.966168742574173,0.9253030303030303,0.9791666666666666,1.105059073332985,0.5973273809227231,0.09666666666666666,0.08333333333333333
177.0,54.23162003301876,8.725378926214885,0.17666666666666667,1.0,3213.8878773105193,97.07551482433303,53.87389472085005,8.219721175088264,0.953030303030303,0.9851190476190476,1.1425507525804806,0.5943437090139378,0.11666666666666667,0.04
178.0,54.629844858904704,8.67895466988096,0.15,1.0,3262.015672922122,94.69657783150838,54.132418481842194,8.17770896037178,0.9643939393939394,0.9553571428571429,1.1369354520913764,0.6206806299897271,0.07666666666666666,0.06666666666666667
179.0,54.4809237866777,8.549770978722,0.19666666666666666,1.0,3240.4264007543716,93.66221949728235,54.200152420649744,8.057654088056285,0.9639393939393939,0.9940476190476191,1.1418503501870207,0.5920960882979872,0.06666666666666667,0.056666666666666664
180.0,54.97587281300241,11.202673338557734,0.13333333333333333,1.0,3300.3308379168016,153.8107195532837,54.447241646585354,10.789217508003128,0.9068181818181819,0.9940476190476191,1.1477514248883918,0.5920960882979872,0.12333333333333334,0.013333333333333334
181.0,55.217733955035314,11.735700614048097,0.14333333333333334,1.0,3317.941061789156,163.83235588602918,54.83245987022027,11.076010661179955,0.9001515151515153,0.9523809523809524,1.2148708207505485,0.6248199740725323,0.17333333333333334,0.06
182.0,55.15554944202027,11.166892257864351,0.13666666666666666,1.0,3316.350972419212,152.92892989531276,54.824516796469595,10.826686383148536,0.9057575757575758,0.9613095238095237,1.1645122965812291,0.6131883886702356,0.18,0.09666666666666666
183.0,55.25101075423308,11.728168864851998,0.13333333333333333,1.0,3330.3707202891396,165.81466333605692,54.86374776310628,10.990288110806928,0.901969696969697,0.9464285714285715,1.1448823326244297,0.6338594306135847,0.16,0.10333333333333333
184.0,55.10480465604873,11.456135587035586,0.13666666666666666,1.0,3302.488475748568,159.28889184475898,54.82795494248902,11.066217741970968,0.9262121212121213,0.9583333333333334,1.1268836083050753,0.6168017869984201,0.15666666666666668,0.10666666666666667
185.0,55.12864684891669,8.983536319351636,0.13666666666666666,1.0,3321.037050926292,94.48292360102302,54.7106249427929,8.853512009552597,0.9353030303030304,1.0,1.1422395156494591,0.5920960882979872,0.12333333333333334,0.21333333333333335
186.0,55.33000369130431,9.32680641942199,0.13666666666666666,1.0,3342.371948859227,103.94373624526168,54.89239879220866,8.969024796248034,0.875,1.0,1.181110588481122,0.5920960882979872,0.16666666666666666,0.0
187.0,55.25538562860493,8.987132309025442,0.13666666666666666,1.0,3341.3371537681924,97.77328909741944,55.00350862699475,8.86591144204183,0.8601515151515152,1.0,1.1866666666666668,0.5920960882979872,0.21666666666666667,0.0
188.0,55.42246664261744,8.944693573120219,0.13666666666666666,1.0,3348.4439823011226,98.23486879391048,55.16540219885791,8.78636165931985,0.8454545454545453,1.0,1.2089297378719375,0.5920960882979872,0.21,0.0
189.0,55.47305321944938,8.944474165654837,0.13666666666666666,1.0,3369.3466587924477,97.11362304084557,55.231869479609536,8.79412127732535,0.8901515151515151,1.0,1.2329548968951693,0.5920960882979872,0.22333333333333333,0.0
190.0,55.58085110633119,11.317875420999359,0.13666666666666666,1.0,3364.1037772792206,153.81446591416227,55.17870184680981,10.993359977360162,0.8412121212121213,0.9577380952380953,1.2370574405059416,0.529150262212918,0.22333333333333333,0.043333333333333335
191.0,55.600003431851974,11.80010094626578,0.13666666666666666,1.0,3378.4675998109674,170.82612151069767,55.20823450921602,11.155382802392204,0.8712121212121212,0.9342857142857143,1.2090032625633766,0.5534538021471269,0.24333333333333335,0.11333333333333333
192.0,55.452492457857105,11.220232713879067,0.13666666666666666,1.0,3358.0516309856966,152.67385181617138,55.11205320028921,10.970674544706398,0.9034848484848484,0.9570238095238096,1.3003247457633207,0.518973345494095,0.22666666666666666,0.11333333333333333
193.0,55.11183299371253,11.402878515594459,0.13666666666666666,1.0,3328.117554493599,158.41868666869883,54.7274496051815,10.870041245251413,0.9199999999999999,0.9240476190476191,1.2804860188398952,0.4922510651193262,0.16333333333333333,0.12
194.0,55.098971860789476,11.346481266986654,0.13666666666666666,1.0,3333.3587083305583,153.99070799128367,54.710729055109596,10.893453162793412,0.8734848484848485,0.9677380952380953,1.2379912044203796,0.5455272678794342,0.17,0.10333333333333333
195.0,54.80589875580933,10.308050737514883,0.13666666666666666,1.0,3298.847198467015,119.41574364814231,54.55082146164657,10.190223687983048,0.8933333333333332,0.9484848484848486,1.2254341634249017,0.4855237721608833,0.18,0.16
196.0,55.0844173739722,10.626908286045545,0.14,1.0,3335.2575008384674,121.99334050528358,54.47765461570836,10.401896983780809,0.911969696969697,0.9484848484848486,1.2864421220301103,0.4855237721608833,0.17,0.11333333333333333
197.0,55.02324701578747,11.053996822032397,0.14333333333333334,1.0,3331.854916963794,132.41161547492007,54.62817428421469,10.786338525253706,0.9087878787878788,0.9575757575757575,1.3379254255915927,0.4985311758890645,0.16,0.10333333333333333
198.0,55.15957738798358,10.965636438174261,0.13666666666666666,1.0,3338.6351224644495,130.13236797190694,54.636204103868614,10.722771926993184,0.8836363636363637,0.9757575757575757,1.3146693711939725,0.5326662494783514,0.19666666666666666,0.07333333333333333
199.0,55.4823215889176,11.06984499756753,0.13666666666666666,1.0,3373.4549461566385,131.11409280407918,54.92047576340616,10.912692387241322,0.9415151515151515,0.9636363636363637,1.3649582818207708,0.5087675740890376,0.16666666666666666,0.06666666666666667
200.0,55.31712797968219,11.987027775968391,0.13666666666666666,1.0,3347.3100255161166,172.87602632011865,54.93964890382467,11.85129634688269,0.9098484848484848,0.9272727272727272,1.3819149354750055,0.46723774581160615,0.14,0.12333333333333334
201.0,55.37386963390299,12.32536759786574,0.13666666666666666,1.0,3359.11665919967,180.5939973008233,54.9501200838372,11.922059226674667,0.9815151515151515,0.9242424242424242,1.4655753515637164,0.4660948878119609,0.1,0.16
202.0,55.48704091509971,12.13713631943504,0.13666666666666666,1.0,3357.8409212281504,175.8250744722179,55.09163332072694,11.919631001975224,0.9066666666666666,0.9151515151515152,1.437281384342599,0.4649492206443386,0.1,0.15666666666666668
203.0,55.86533192561428,12.663158688135258,0.13666666666666666,1.0,3400.154052500019,189.65905209241149,55.34094509431802,12.227120435117989,0.944090909090909,0.9304653679653679,1.4536391115633434,0.4760952285695233,0.13333333333333333,0.14333333333333334
204.0,56.30793902330936,12.690121191871361,0.13666666666666666,1.0,3447.6022212721014,197.86261662069964,55.626336139910144,12.323513391464319,0.9078787878787878,0.9426406926406927,1.3792107243718132,0.4953113498935123,0.13,0.14
205.0,56.06194656362771,9.610670617242876,0.13666666666666666,1.0,3426.9603511782093,113.65849927845042,55.53388574147538,9.24765864139228,0.9062121212121212,0.9666666666666667,1.444437606821423,0.5143280405862909,0.15666666666666668,0.1
206.0,56.10206421554351,10.239921453049647,0.13666666666666666,1.0,3413.4188770528385,126.08821348571628,55.511827834968585,9.587161975844944,0.936969696969697,0.9606060606060606,1.4451758831828512,0.5034988690266454,0.13333333333333333,0.07333333333333333
207.0,55.567646298820705,10.159523762309812,0.13666666666666666,1.0,3356.1701587727143,124.62578919924631,55.03659919947311,9.93855177619389,0.9431818181818182,0.9242424242424242,1.465211399233723,0.4660948878119609,0.10666666666666667,0.12666666666666668
208.0,56.05977311590577,10.490038890785044,0.13666666666666666,1.0,3403.381795374059,128.78026382336986,55.26911711377331,9.965555383353353,0.9772727272727272,0.9787878787878789,1.4804203607234143,0.5392999577641783,0.06333333333333334,0.10666666666666667
209.0,55.77798224313658,10.131717862536528,0.13666666666666666,1.0,3374.715545406758,121.5364174413366,55.35439720578275,9.830710166211434,0.9166666666666666,0.9575757575757575,1.4601065410137408,0.4985311758890645,0.09333333333333334,0.07
210.0,55.54917580862943,6.953850325425248,0.13666666666666666,1.0,3338.516537415796,80.25726608193547,54.98142338547166,6.424299844634674,0.9545454545454546,1.0,1.4692099161718783,0.5920960882979872,0.09333333333333334,0.04666666666666667
211.0,55.31028333390293,6.715105229762565,0.13666666666666666,1.0,3318.625721843835,70.36020899254093,54.8350412497831,6.166016212699726,0.9204545454545454,1.0,1.460471765484625,0.5920960882979872,0.10333333333333333,0.0
212.0,55.63404751651387,6.557476290828853,0.13666666666666666,1.0,3344.674169308711,71.80672289169107,55.01428282446805,5.9823808752131695,0.9242424242424242,1.0,1.460958589419974,0.5920960882979872,0.11666666666666667,0.0
213.0,55.62523621814367,6.7793503017106245,0.13666666666666666,1.0,3341.1811927811236,71.40708376544504,55.154745364644434,6.061594679261244,0.912878787878788,1.0,1.4598630072715728,0.5920960882979872,0.12333333333333334,0.0
214.0,55.604098871455875,6.787163460236966,0.13666666666666666,1.0,3350.64694582933,78.08519391467132,55.058829340518024,6.263916312198109,0.9356060606060606,1.0,1.4631472926537505,0.5920960882979872,0.11333333333333333,0.0
215.0,55.25305189209801,8.376966545784171,0.13666666666666666,1.0,3300.5384970201335,84.51322991009593,54.63286796215687,8.214269379057543,0.962121212121212,1.0,1.4724733538430423,0.5920960882979872,0.08333333333333333,0.0
216.0,55.51243664822586,8.513924490815965,0.13666666666666666,1.0,3324.5130922777157,84.49928848773776,54.83646446863873,8.062613893259963,0.9393939393939394,1.0,1.4641189994137924,0.5920960882979872,0.08,0.0
217.0,55.45531461417508,8.327900038793242,0.13666666666666666,1.0,3325.6585639288096,83.10158423022801,54.84978558226323,8.068690299619684,1.0,1.0,1.4958312441953843,0.5920960882979872,0.05333333333333334,0.0
218.0,55.54846347577051,8.559850428381912,0.13666666666666666,1.0,3330.352659687516,85.27132524202322,54.820788371467245,8.123403502448445,0.9734848484848485,1.0,1.4782572321637546,0.5920960882979872,0.023333333333333334,0.0
219.0,55.10754060593225,8.300357944787322,0.13666666666666666,1.0,3284.98968793225,83.60355577292454,54.52267590512093,7.992185762130656,0.9886363636363636,1.0,1.487608072638011,0.5920960882979872,0.03333333333333333,0.0
220.0,55.057616180212584,8.16926098302628,0.13666666666666666,1.0,3273.354687531062,86.85002925119147,54.31982924527234,7.959842981624075,0.9962121212121212,1.0,1.4929761477591588,0.5920960882979872,0.013333333333333334,0.0
221.0,55.43616503459219,8.492689926745776,0.13666666666666666,1.0,3313.179711906629,93.10235075959488,54.66140040506546,7.815225413144971,0.9924242424242425,1.0,1.4902348808157726,0.5920960882979872,0.01,0.0
222.0,55.02267083314643,8.333200262254204,0.13666666666666666,1.0,3253.024875594743,93.07700616698732,54.58851656150387,7.924521944764834,1.0,1.0,1.4958312441953843,0.5920960882979872,0.006666666666666667,0.0
223.0,55.1914628783774,8.358075177351497,0.13666666666666666,1.0,3279.4214676923943,90.83849480553792,54.4524810809773,7.839523931580378,0.9962121212121212,1.0,1.4929761477591588,0.5920960882979872,0.0033333333333333335,0.0
224.0,55.332782904078265,8.222350934749933,0.13666666666666666,1.0,3289.052892010446,89.59636689730996,54.711735687333935,7.74249253945388,0.9962121212121212,1.0,1.4929761477591588,0.5920960882979872,0.006666666666666667,0.0
225.0,55.53028894307196,10.657895307732687,0.13666666666666666,1.0,3318.1957113809603,133.37617595024727,54.90164409670527,10.4525019828991,0.9924242424242425,0.996969696969697,1.4902348808157726,0.5839330250788851,0.01,0.0033333333333333335
226.0,55.27965229242645,10.802051566975232,0.13666666666666666,1.0,3285.0396941425224,139.69802247815508,54.81226889131014,10.503584569847257,0.9824242424242424,0.996969696969697,1.471507163874282,0.5839330250788851,0.023333333333333334,0.006666666666666667
227.0,55.29467267235042,10.370806526849652,0.13666666666666666,1.0,3307.51128395172,130.64008780933318,54.75230691558237,10.166572582008627,0.9686363636363636,1.0,1.4505784286889756,0.5920960882979872,0.04666666666666667,0.0033333333333333335
228.0,55.641888098974086,10.919847636720778,0.13666666666666666,1.0,3343.2144319666186,140.09601048329534,54.84394829503521,10.373387906877893,0.9866666666666667,0.996969696969697,1.4716279723112389,0.5839330250788851,0.043333333333333335,0.0033333333333333335
229.0,55.717115778296815,10.484738518627973,0.13666666666666666,1.0,3351.466810614892,129.81974685744552,55.06581464106562,10.434309371918687,0.9463636363636363,0.996969696969697,1.4308350320316066,0.5839330250788851,0.06333333333333334,0.006666666666666667
230.0,55.594552622761476,9.018256659657633,0.13666666666666666,1.0,3347.5057262481873,96.59474651073319,55.03374424544027,8.917975744628396,0.9819696969696969,1.0,1.4748860596293156,0.5920960882979872,0.06666666666666667,0.0033333333333333335
231.0,55.69232571074562,9.409789763730345,0.13666666666666666,1.0,3346.110015878488,107.11294992928762,55.12818198824775,9.19474183356562,0.9507575757575758,1.0,1.4677571703490708,0.5920960882979872,0.06,0.0
232.0,55.7967365597197,9.31652860637527,0.13666666666666666,1.0,3365.17491314183,101.05430107644013,55.22599792897339,9.34778615605436,0.9545454545454546,1.0,1.4692099161718783,0.5920960882979872,0.08333333333333333,0.0
233.0,55.669950791386306,9.565645681069837,0.13666666666666666,1.0,3355.28233358998,108.6711999386448,55.03186349696342,9.349749838254231,0.9403030303030303,1.0,1.4521707888537079,0.5920960882979872,0.09333333333333334,0.0
234.0,55.60418485885668,9.192183703498829,0.13666666666666666,1.0,3351.952556728079,101.99272575330193,54.989368254309205,9.29568865407718,0.9853030303030303,1.0,1.4812007141355137,0.5920960882979872,0.06666666666666667,0.0
235.0,55.438947737345956,7.1391002523481255,0.13666666666666666,1.0,3332.329712099914,61.2610287634814,54.85723240714888,6.963018882172851,0.9512121212121212,1.0,1.4621749401338937,0.5920960882979872,0.056666666666666664,0.0
236.0,55.65704473351709,7.583983299430403,0.13666666666666666,1.0,3367.282409103565,66.72317060422327,54.87148859303747,7.2504651041966675,0.9862121212121212,1.0,1.4743435450697673,0.5920960882979872,0.056666666666666664,0.0
237.0,55.799238218590716,7.664204966600293,0.13666666666666666,1.0,3370.5250166892024,69.0653811884241,55.081921569646255,7.47336544515075,0.9924242424242425,1.0,1.4902348808157726,0.5920960882979872,0.02,0.0
238.0,55.83660035757453,7.792259274544252,0.13666666666666666,1.0,3385.5186983905655,72.56471672637952,54.993721678302876,7.518031822176422,1.0,1.0,1.4958312441953843,0.5920960882979872,0.006666666666666667,0.0
239.0,55.08479480645026,7.702119821629582,0.13666666666666666,1.0,3295.526874528481,68.45579362790913,54.61464672831019,7.589222506837608,0.9899999999999999,1.0,1.477535485567474,0.5920960882979872,0.01,0.0
240.0,55.478524674699884,8.812907205333826,0.13666666666666666,1.0,3341.3240380093093,92.55108462499989,54.556676824064276,8.626615670763925,0.9966666666666667,0.9966666666666667,1.4896382856996602,0.5846936519808187,0.013333333333333334,0.0033333333333333335
241.0,55.1778318588457,8.534766591082926,0.13666666666666666,1.0,3309.2445404457385,90.328580567987,54.620126964931266,8.274994897195143,0.9895454545454546,1.0,1.4805404418657397,0.5920960882979872,0.013333333333333334,0.0033333333333333335
242.0,55.59222960168993,8.685453314982496,0.13666666666666666,1.0,3348.301781992059,89.9267495477693,54.73066587257094,8.322902045242822,0.9933333333333333,1.0,1.4835393115414532,0.5920960882979872,0.016666666666666666,0.0
243.0,55.412107287888404,8.372656922797791,0.13666666666666666,1.0,3315.2051980313922,87.06175490909358,54.80498408036758,8.269606086558989,0.9853030303030303,0.9866666666666667,1.4812007141355137,0.5637966536497593,0.02,0.013333333333333334
244.0,55.42953755569271,8.904891984737533,0.13666666666666666,1.0,3320.0320460246544,97.06306759599936,54.643156986275535,8.481669300245379,0.9899999999999999,0.9899999999999999,1.477535485567474,0.5705358105422578,0.023333333333333334,0.023333333333333334
245.0,55.89814388942794,10.556524544925747,0.13666666666666666,1.0,3365.765248741471,115.71383669962742,55.17931973998847,10.818755563748004,0.9777272727272727,0.996969696969697,1.4761511515499428,0.5839330250788851,0.03,0.013333333333333334
246.0,55.317449035798674,10.615458203574189,0.13666666666666666,1.0,3291.355460187649,118.38889888265315,54.86570602482066,10.53976747497608,0.9962121212121212,1.0,1.4929761477591588,0.5920960882979872,0.023333333333333334,0.0033333333333333335
247.0,55.68441613715908,10.109984582021807,0.13666666666666666,1.0,3339.1701837974533,106.75879616119329,54.79187252197419,10.2324138946981,1.0,1.0,1.4958312441953843,0.5920960882979872,0.0033333333333333335,0.0
248.0,55.36434604357851,10.53240240189483,0.13666666666666666,1.0,3289.9910409294125,115.69144996449421,54.81785382394102,10.349163410179237,1.0,1.0,1.4958312441953843,0.5920960882979872,0.0,0.0
249.0,55.90270748110489,10.570164323765967,0.13666666666666666,1.0,3356.2117036199634,115.31056601272336,55.141461124193874,10.618235155268216,0.9962121212121212,0.996969696969697,1.4929761477591588,0.5839330250788851,0.0033333333333333335,0.0033333333333333335
250.0,55.55411558882595,9.476559947279037,0.13666666666666666,1.0,3308.209074868193,95.04329390405975,55.07774223044621,9.351609947499743,1.0,1.0,1.4958312441953843,0.5920960882979872,0.0033333333333333335,0.0033333333333333335
251.0,55.89905708083737,9.470629419660382,0.13666666666666666,1.0,3349.7354499639096,94.84048517530148,55.155190595566474,9.271035301211777,1.0,1.0,1.4958312441953843,0.5920960882979872,0.0,0.0
252.0,55.50319368069076,9.316786123889981,0.13666666666666666,1.0,3312.180952573,92.16567186707871,55.039907256735745,9.205154018278405,0.9962121212121212,1.0,1.4929761477591588,0.5920960882979872,0.0033333333333333335,0.0
253.0,56.19828163569138,9.496308088966098,0.13666666666666666,1.0,3392.286140479219,96.41244188775153,55.24598918755506,9.32034985214724,0.9853030303030303,1.0,1.4812007141355137,0.5920960882979872,0.016666666666666666,0.0
254.0,55.811033841746465,9.442525725722112,0.13666666666666666,1.0,3353.3585661919337,95.9243775631279,55.342556592164634,9.378640180109658,0.9810606060606061,1.0,1.482700239428051,0.5920960882979872,0.03,0.0
255.0,56.76716186533884,8.735354131115166,0.13666666666666666,1.0,3465.1776800852344,91.53985893837418,55.72910988174376,8.648123453979997,0.9492424242424242,0.993939393939394,1.4410490006319085,0.575962961772138,0.06333333333333334,0.17666666666666667
256.0,56.01992478919332,9.131614939254817,0.13666666666666666,1.0,3387.767258195579,101.13123988098174,55.60373732514225,8.649904058099736,0.9853030303030303,0.996969696969697,1.4812007141355137,0.5839330250788851,0.06,0.01
257.0,56.65921805142476,9.2076856982559,0.13666666666666666,1.0,3448.0372614074927,101.84842329533454,55.774081681381055,8.947181818618594,0.9663636363636363,1.0,1.4694519008422455,0.5920960882979872,0.043333333333333335,0.0033333333333333335
258.0,56.273006613780524,9.070881933478665,0.13666666666666666,1.0,3405.643752378418,102.30554708963085,55.728637433248814,8.756617035583465,0.971969696969697,0.9909090909090909,1.4565102890890342,0.5681940200710004,0.056666666666666664,0.01
259.0,56.134820040810666,9.260637915331687,0.13666666666666666,1.0,3393.657284027205,104.07862721714945,55.53169407912076,8.794344786920222,0.9562121212121212,0.9878787878787879,1.4242346872775022,0.560634561110097,0.07,0.023333333333333334
260.0,56.28244447566374,8.887712182282879,0.13666666666666666,1.0,3396.407860632315,82.12198311923787,55.591925358560694,8.988852003300236,0.9177272727272728,0.9303030303030303,1.3751444368582606,0.4687572221665853,0.12333333333333334,0.09
261.0,55.752579912854756,9.006614904530393,0.13666666666666666,1.0,3346.7838261812094,84.39431143311485,55.16172057062057,8.909260491331331,0.9624242424242424,0.9454545454545454,1.4366627996854378,0.4818482933224707,0.11666666666666667,0.12
262.0,55.774213416199395,8.703814479955218,0.13666666666666666,1.0,3340.5323582454953,78.91187616958138,55.041874195446006,8.794616008560057,0.9653030303030303,0.9,1.4447452678202095,0.4706496691926078,0.07,0.16333333333333333
263.0,55.81063412897855,8.820194182327942,0.13666666666666666,1.0,3350.6704710664076,82.17586597137033,55.155915286893126,8.768782906504496,0.9743939393939395,0.9121212121212121,1.4696938456699067,0.46533142310973724,0.056666666666666664,0.15
264.0,55.81686055031073,8.698325218811618,0.13666666666666666,1.0,3356.9537159000224,79.20483061559207,55.154131211489045,8.749226967230461,0.9710606060606061,0.9363636363636364,1.4633295368211952,0.47291060935915197,0.05,0.16
265.0,55.84752416540788,6.108789514366869,0.13666666666666666,1.0,3367.801016653059,48.41172279319937,55.20757024362166,5.872987613806519,0.9695454545454546,1.0,1.4455448799674122,0.5920960882979872,0.056666666666666664,0.11333333333333333
266.0,56.06285040387519,6.408775148413091,0.13666666666666666,1.0,3407.6483641331024,51.93373384343669,55.43282905562429,5.999173144554892,0.912878787878788,1.0,1.367105620564036,0.5920960882979872,0.11,0.0
267.0,56.330651506693684,6.451397834338746,0.13666666666666666,1.0,3440.881303127081,51.21259667462908,55.689048366158566,6.174615671389643,0.8763636363636363,1.0,1.3502921494583642,0.5920960882979872,0.16666666666666666,0.0
268.0,55.64007050746984,6.530311358148343,0.13666666666666666,1.0,3370.255804152676,53.67234109061747,55.278059334742046,6.2304639896818985,0.9262121212121213,1.0,1.3535139452550904,0.5920960882979872,0.16,0.0
269.0,56.59369302284145,6.452826912389612,0.13666666666666666,1.0,3475.137497341748,53.568790737440025,55.69584681123703,6.164842332125143,0.8825757575757575,1.0,1.3333999983334166,0.5920960882979872,0.17333333333333334,0.0
270.0,56.23444662248556,7.985645256449634,0.13666666666666666,1.0,3441.6007099209182,74.63698256365328,55.79794120569807,8.090034992122819,0.9562121212121212,0.9696969696969697,1.3302631318652713,0.5201709120834976,0.14333333333333334,0.03333333333333333
271.0,56.398043794199694,8.441630640766917,0.13666666666666666,1.0,3450.670944414045,80.54925169936286,55.6696506707244,8.14074820827211,0.8825757575757575,0.9636363636363637,1.3333999983334166,0.5087675740890376,0.15666666666666668,0.07333333333333333
272.0,56.181318432440314,8.226562996299979,0.13666666666666666,1.0,3439.965576174768,80.16772700513997,55.53595235446726,8.116517233354575,0.98,0.9121212121212121,1.3267839144169467,0.46533142310973724,0.12666666666666668,0.13
273.0,55.85837286484098,7.715023782544269,0.13666666666666666,1.0,3391.138277978039,73.10128781044625,55.294250950383535,7.670911917950693,0.9899999999999999,0.9484848484848486,1.3239671026460171,0.4855237721608833,0.03,0.13333333333333333
274.0,56.01741123979795,8.164680596423368,0.13666666666666666,1.0,3418.369275107014,79.79038318431084,55.203192147075775,7.841887009136431,0.9933333333333333,0.9454545454545454,1.3232955494186138,0.4818482933224707,0.016666666666666666,0.11
275.0,55.5881792119837,7.212870858898244,0.13666666666666666,1.0,3364.9782143026177,62.234774307026164,54.898360277417396,7.167515052942744,0.9895454545454546,0.996969696969697,1.3168312133468147,0.5839330250788851,0.016666666666666666,0.12
276.0,55.53940118278863,7.115334600952651,0.13666666666666666,1.0,3351.499015706667,61.40488620793374,54.81080904062429,7.006427294458546,1.0,1.0,1.3223548019431934,0.5920960882979872,0.01,0.0033333333333333335
277.0,55.33714173857701,7.067857594505984,0.13666666666666666,1.0,3324.3327255586437,60.48496273307046,54.63715459290548,7.060989774542641,0.9962121212121212,0.9848484848484849,1.3157507362718823,0.5532931712332381,0.0033333333333333335,0.016666666666666666
278.0,55.29616678978857,7.453098480762374,0.13666666666666666,1.0,3330.4412156509975,63.87439361064199,54.63360852779434,7.063701545276104,0.9933333333333333,0.9757575757575757,1.3232955494186138,0.5326662494783514,0.01,0.043333333333333335
279.0,55.1488833622963,7.188636547270465,0.13666666666666666,1.0,3319.0666265214218,61.000435016639265,54.413928944903766,7.177772402569771,1.0,0.9878787878787879,1.3223548019431934,0.560634561110097,0.006666666666666667,0.04
280.0,55.34140522221312,8.663317959981475,0.13666666666666666,1.0,3344.4462883470546,102.02848846227724,54.58335859237473,8.05092872279854,0.9748484848484847,0.933603896103896,1.2990252756073173,0.48826222462934815,0.023333333333333334,0.15
281.0,55.12335004935372,8.843181405563948,0.13666666666666666,1.0,3315.122141805952,103.99533602400479,54.60436106505233,8.219121718634769,0.9781818181818182,0.9424783549783551,1.2980669388663197,0.4816637831516918,0.043333333333333335,0.13
282.0,55.05494134507832,8.939344112718898,0.13666666666666666,1.0,3299.566272360691,106.44910869767979,54.38279235113898,8.49937479619705,0.9962121212121212,0.9305194805194805,1.3157507362718823,0.48,0.023333333333333334,0.14
283.0,55.01836650189386,8.77954254102445,0.13666666666666666,1.0,3316.4804475728592,103.52730506828782,54.34659764136665,8.541006164356,0.9962121212121212,0.9182900432900434,1.3157507362718823,0.4660948878119609,0.006666666666666667,0.17
284.0,55.305434931827705,8.710673788293551,0.13666666666666666,1.0,3331.351117895601,106.60987081099235,54.49914427087763,8.329588797499285,1.0,0.8763528138528138,1.3223548019431934,0.4846075158769666,0.0033333333333333335,0.20666666666666667
285.0,55.50941140487133,9.19978756378668,0.13666666666666666,1.0,3354.941985243575,109.72986000111001,54.76083643790233,8.550048576110584,0.9933333333333333,0.9253246753246752,1.3232955494186138,0.6083858424826578,0.006666666666666667,0.2
286.0,55.745193097615534,9.238306009662798,0.13666666666666666,1.0,3366.937092757457,106.8436859699586,55.06981333724746,8.731331123276979,0.9899999999999999,0.9372835497835498,1.3239671026460171,0.5997036305079738,0.016666666666666666,0.14666666666666667
287.0,55.529535450326605,9.107574944319207,0.13666666666666666,1.0,3354.8640753993163,106.71518012338736,54.81553075019923,8.537616609100882,0.9781818181818182,0.9338203463203464,1.2980669388663197,0.514500836841993,0.03,0.14333333333333334
288.0,55.45011321214955,9.078187813463856,0.13666666666666666,1.0,3325.942616184499,106.2216776992238,54.65432662780793,8.394668846431378,0.9928787878787878,0.8893398268398268,1.3162235541291776,0.6249622210804249,0.02666666666666667,0.19666666666666666
289.0,55.107937547557654,8.706611334072234,0.13666666666666666,1.0,3300.9225087601535,97.04474557829569,54.45906168917404,8.199572794278716,0.9962121212121212,0.9611471861471861,1.3157507362718823,0.5805744281887264,0.01,0.16
290.0,55.13042109875945,8.491342392766274,0.13666666666666666,1.0,3286.5949315411053,84.26227482396416,54.32422321719826,8.28789061586035,1.0,1.0,1.3223548019431934,0.9424318425105223,0.0033333333333333335,0.32666666666666666
291.0,55.04751560864828,8.783056679812104,0.13666666666666666,1.0,3292.1036409636517,91.12157857539651,54.40116805463947,8.413444066592776,1.0,1.0,1.3223548019431934,0.9424318425105223,0.0,0.0
292.0,55.41203997338584,9.331244786922966,0.13666666666666666,1.0,3320.251958791599,103.35931388182107,54.47366228730403,8.881925243510493,1.0,1.0,1.3223548019431934,0.9424318425105223,0.0,0.0
293.0,55.09131928955976,8.814255892051149,0.13666666666666666,1.0,3294.3157731098477,94.66031349531339,54.54572239806234,8.808888267495888,1.0,1.0,1.3223548019431934,0.9424318425105223,0.0,0.0
294.0,55.529594852909796,9.397730420589022,0.13666666666666666,1.0,3336.5243423297134,104.4679711184581,54.57456548302005,9.001087122110361,1.0,1.0,1.3223548019431934,0.9424318425105223,0.0,0.0
295.0,55.72659095944421,9.888319024286174,0.13666666666666666,1.0,3362.4434482279426,119.58228974484405,54.94504653930391,9.786892928726388,1.0,1.0,1.3223548019431934,0.9424318425105223,0.0,0.18333333333333332
296.0,55.81882111787406,9.611159705566427,0.13666666666666666,1.0,3374.8000987790597,112.48877004952699,54.96971295727883,9.50469469773734,1.0,1.0,1.3223548019431934,0.9424318425105223,0.0,0.0
297.0,55.767706876685295,9.720037502285571,0.13666666666666666,1.0,3364.3675813206814,116.44553030710982,54.88539500085765,9.587627048701977,1.0,1.0,1.3223548019431934,0.9424318425105223,0.0,0.0
298.0,55.73182625910302,9.720020226949595,0.13666666666666666,1.0,3375.6138030179413,115.50869964798085,54.8534587093823,9.564686764098008,1.0,1.0,1.3223548019431934,0.9424318425105223,0.0,0.0
299.0,55.770035817733245,9.478894197748572,0.13666666666666666,1.0,3362.373728405657,110.50447998484437,54.84537328485968,9.430353810866626,1.0,1.0,1.3223548019431934,0.9424318425105223,0.0,0.0
300.0,55.7274044133871,10.236534928476932,0.13666666666666666,1.0,3363.8624725146383,124.97883591732418,54.87372159045602,10.25450949831274,1.0,1.0,1.3223548019431934,0.9424318425105223,0.0,0.0
